{
  "model_init": {
    "K_u": 0.0015134265022156113,
    "b_eq": 0.04095727031745909,
    "tau_eq": 0.06440428011151482,
    "l_com": 0.13293092054716407
  },
  "best_validation_loss": 77.07024376854356
}