feature,coeff,active
1,0.22808432755591324,1
theta,0.0021465993153691114,1
omega,-0.019836563737018174,1
sin_theta,-0.10321631763014008,1
cos_theta,-0.2160034494715391,1
theta2,0.0001619245561325735,1
omega2,0.00018540923360411382,1
motor_input,-0.025759684112668397,1
