{
  "model_init": {
    "l_com": 0.1634246984864493,
    "J_cm_base": 0.0014363209253363055,
    "b_eq": 0.038150027286467866,
    "tau_eq": 0.07092777859084162,
    "k_t": 0.28554392329661715,
    "i0": 0.05627679546392443,
    "R": 2.1178603593403227,
    "k_e": 0.021117362961753806,
    "delay_sec": 0.009416459692634516
  },
  "best_validation_loss": 8.947797102711583
}