{
  "loss": NaN,
  "model_init": {
    "l_com": 0.12569702058240417,
    "J_cm_base": 0.002410988321222276,
    "b_eq": 0.03961177433842611,
    "tau_eq": 0.08296248889255511,
    "k_t": 0.20648578145741564,
    "i0": 0.04946816189239623,
    "R": 2.4279610508159903,
    "k_e": 0.0022600666423650342
  }
}